"code","name","hex"
"A1","MARD A1","#F9F0CD"
"A2","MARD A2","#FBFBD4"
"A3","MARD A3","#FAFC9F"
"A4","MARD A4","#FFE953"
"A5","MARD A5","#F4D738"
"A6","MARD A6","#FDAD49"
"A7","MARD A7","#FF7C2F"
"A8","MARD A8","#EACA49"
"A9","MARD A9","#FF995A"
"A10","MARD A10","#FF9D55"
"A11","MARD A11","#FFDD99"
"A12","MARD A12","#FCB58F"
"A13","MARD A13","#FFBB59"
"A14","MARD A14","#FF6D40"
"A15","MARD A15","#FDFF44"
"A16","MARD A16","#FEF9AE"
"A17","MARD A17","#FFE36E"
"A18","MARD A18","#FECF98"
"A19","MARD A19","#FD7B72"
"A20","MARD A20","#EFCD67"
"A21","MARD A21","#FFE395"
"A22","MARD A22","#FFF3A4"
"A23","MARD A23","#F3D5BF"
"A24","MARD A24","#FBF8C9"
"A25","MARD A25","#FFD67D"
"A26","MARD A26","#FFBB27"
"B1","MARD B1","#E6EE32"
"B2","MARD B2","#5BE419"
"B3","MARD B3","#7CEE9D"
"B4","MARD B4","#1EF942"
"B5","MARD B5","#00BD35"
"B6","MARD B6","#5AE8BA"
"B7","MARD B7","#03AC88"
"B8","MARD B8","#029D26"
"B9","MARD B9","#26523A"
"B10","MARD B10","#95D3C2"
"B11","MARD B11","#5D722A"
"B12","MARD B12","#156F40"
"B13","MARD B13","#D9F794"
"B14","MARD B14","#ADE945"
"B15","MARD B15","#2E5132"
"B16","MARD B16","#C6ED9C"
"B17","MARD B17","#9BB13A"
"B18","MARD B18","#E6EE49"
"B19","MARD B19","#25B88C"
"B20","MARD B20","#C2F0CC"
"B21","MARD B21","#146A6B"
"B22","MARD B22","#0B3C43"
"B23","MARD B23","#303921"
"B24","MARD B24","#EEFCA5"
"B25","MARD B25","#4E846D"
"B26","MARD B26","#8C7A36"
"B27","MARD B27","#D1DCC1"
"B28","MARD B28","#9EE5B9"
"B29","MARD B29","#C5E254"
"B30","MARD B30","#ECFBD0"
"B31","MARD B31","#C4E6B5"
"B32","MARD B32","#9BAB5A"
"C1","MARD C1","#E8FFE7"
"C2","MARD C2","#BCF9F6"
"C3","MARD C3","#A0E2FB"
"C4","MARD C4","#42CCFF"
"C5","MARD C5","#01ACEB"
"C6","MARD C6","#50A9F0"
"C7","MARD C7","#0188D3"
"C8","MARD C8","#1054C0"
"C9","MARD C9","#314BCA"
"C10","MARD C10","#3EBCE2"
"C11","MARD C11","#03B9B9"
"C12","MARD C12","#1C334D"
"C13","MARD C13","#CDE8FF"
"C14","MARD C14","#D5FDFF"
"C15","MARD C15","#23C4C6"
"C16","MARD C16","#1757A8"
"C17","MARD C17","#50D3EC"
"C18","MARD C18","#1C3344"
"C19","MARD C19","#1787A2"
"C20","MARD C20","#0082BE"
"C21","MARD C21","#BEDDFF"
"C22","MARD C22","#67B4BE"
"C23","MARD C23","#C2DCEB"
"C24","MARD C24","#7DC4FF"
"C25","MARD C25","#A9E5E5"
"C26","MARD C26","#2F99B3"
"C27","MARD C27","#EBF5FC"
"C28","MARD C28","#BBCFED"
"C29","MARD C29","#4B5BA3"
"D1","MARD D1","#AEB4F2"
"D2","MARD D2","#858EDD"
"D3","MARD D3","#3054AF"
"D4","MARD D4","#182A84"
"D5","MARD D5","#B843C5"
"D6","MARD D6","#AC7BDE"
"D7","MARD D7","#6E399A"
"D8","MARD D8","#E2D3FF"
"D9","MARD D9","#D5B9F8"
"D10","MARD D10","#361B50"
"D11","MARD D11","#B9BAE1"
"D12","MARD D12","#DE9AD4"
"D13","MARD D13","#B90295"
"D14","MARD D14","#8B279B"
"D15","MARD D15","#2F1F90"
"D16","MARD D16","#E2E1EE"
"D17","MARD D17","#C4D4F6"
"D18","MARD D18","#A45EC7"
"D19","MARD D19","#D8C3D7"
"D20","MARD D20","#9C32B2"
"D21","MARD D21","#9A009B"
"D22","MARD D22","#333995"
"D23","MARD D23","#EADAFC"
"D24","MARD D24","#7786E5"
"D25","MARD D25","#484FC7"
"D26","MARD D26","#E9C3F6"
"E1","MARD E1","#FDD3CC"
"E2","MARD E2","#FECDDF"
"E3","MARD E3","#FF97C3"
"E4","MARD E4","#E8649E"
"E5","MARD E5","#F551A2"
"E6","MARD E6","#FF346B"
"E7","MARD E7","#C63578"
"E8","MARD E8","#FFDBE9"
"E9","MARD E9","#E970CC"
"E10","MARD E10","#D33893"
"E11","MARD E11","#FCDDD2"
"E12","MARD E12","#FFA1C5"
"E13","MARD E13","#B6006D"
"E14","MARD E14","#FFD1BA"
"E15","MARD E15","#F2CFD0"
"E16","MARD E16","#FFECDE"
"E17","MARD E17","#FFE2EA"
"E18","MARD E18","#FFC9D6"
"E19","MARD E19","#FFD2E7"
"E20","MARD E20","#D8C7D1"
"E21","MARD E21","#BD9DA1"
"E22","MARD E22","#CC78A7"
"E23","MARD E23","#937A8D"
"E24","MARD E24","#F6E4F9"
"F1","MARD F1","#FD957B"
"F2","MARD F2","#FC3D45"
"F3","MARD F3","#F74941"
"F4","MARD F4","#FC283C"
"F5","MARD F5","#D80127"
"F6","MARD F6","#B0443D"
"F7","MARD F7","#971937"
"F8","MARD F8","#BC0127"
"F9","MARD F9","#E2677A"
"F10","MARD F10","#A74D22"
"F11","MARD F11","#6F201F"
"F12","MARD F12","#FD4D6A"
"F13","MARD F13","#DD422F"
"F14","MARD F14","#FFA9AD"
"F15","MARD F15","#C80020"
"F16","MARD F16","#FFD9C8"
"F17","MARD F17","#F79B71"
"F18","MARD F18","#D37C46"
"F19","MARD F19","#C1444A"
"F20","MARD F20","#CD9391"
"F21","MARD F21","#F4B1B4"
"F22","MARD F22","#FFD0CB"
"F23","MARD F23","#F57E66"
"F24","MARD F24","#FCC1C4"
"F25","MARD F25","#E54B4F"
"G1","MARD G1","#FFE2CE"
"G2","MARD G2","#FFCAAA"
"G3","MARD G3","#F4C3A5"
"G4","MARD G4","#E1B383"
"G5","MARD G5","#ED9435"
"G6","MARD G6","#F59734"
"G7","MARD G7","#9D5B3E"
"G8","MARD G8","#592A21"
"G9","MARD G9","#E6B483"
"G10","MARD G10","#C88135"
"G11","MARD G11","#E0C593"
"G12","MARD G12","#EBBB83"
"G13","MARD G13","#B7714A"
"G14","MARD G14","#8D614C"
"G15","MARD G15","#FCF9E0"
"G16","MARD G16","#F2D9BA"
"G17","MARD G17","#56403C"
"G18","MARD G18","#FFE4CC"
"G19","MARD G19","#E1943A"
"G20","MARD G20","#A94023"
"G21","MARD G21","#CB8E77"
"H1","MARD H1","#E2E2E2"
"H2","MARD H2","#FFFFFF"
"H3","MARD H3","#B3B3B3"
"H4","MARD H4","#868686"
"H5","MARD H5","#474747"
"H6","MARD H6","#2C2C2C"
"H7","MARD H7","#000000"
"H8","MARD H8","#E7D6DB"
"H9","MARD H9","#E4E7E3"
"H10","MARD H10","#EEE9EA"
"H11","MARD H11","#CECDD5"
"H12","MARD H12","#FFF5ED"
"H13","MARD H13","#F3E1C9"
"H14","MARD H14","#CFD7D3"
"H15","MARD H15","#98A6A8"
"H16","MARD H16","#3B2F23"
"H17","MARD H17","#F1EDED"
"H18","MARD H18","#FFFDF0"
"H19","MARD H19","#F6EFE2"
"H20","MARD H20","#949FA3"
"H21","MARD H21","#F7F3E4"
"H22","MARD H22","#CACAD5"
"H23","MARD H23","#9A9D94"
"M1","MARD M1","#BCC6B8"
"M2","MARD M2","#8AA385"
"M3","MARD M3","#697D80"
"M4","MARD M4","#DACEBE"
"M5","MARD M5","#D0CCAA"
"M6","MARD M6","#B0A782"
"M7","MARD M7","#B4A497"
"M8","MARD M8","#B38281"
"M9","MARD M9","#A58767"
"M10","MARD M10","#C5B1BC"
"M11","MARD M11","#9F7494"
"M12","MARD M12","#644749"
"M13","MARD M13","#D19066"
"M14","MARD M14","#C77361"
"M15","MARD M15","#757D7B"
